the-goonies,1
paranormal-activity-3,1
zoo,1
good-night-and-good-luck,1
the-zodiac,1
diary-of-a-mad-black-woman,1
the-full-monty,1
frequency,1
funny-people,1
elizabethtown,1
exorcist-the-beginning,1
cold-mountain,1
the-clearing,1
the-usual-suspects,1
celebrity,1
hudson-hawk,1
bridget-jones-the-edge-of-reason,1
charlie-and-the-chocolate-factory,1
superbabies-baby-geniuses-2,1
brigham-city,1
death-at-a-funeral,1
dead-snow-2-red-vs-dead,1
varsity-blues,1
brokeback-mountain,1
natural-born-killers,1
black-hawk-down,1
interstellar,1
jaws,1
justin-biebers-believe,1
lore,1
jackass-presents-bad-grandpa,1
the-abcs-of-death,1
the-6th-day,1
jumping-the-broom,1
the-bourne-identity,1
ramona-and-beezus,1
best-worst-movie,1
abraham-lincoln-vampire-hunter,1
54,1
alien-abduction,1
my-big-fat-greek-wedding-2,1
the-adjustment-bureau,1
the-baxter,1
mission-impossible-ii,1
van-helsing,1
childs-pose,1
ararat,1
black-dynamite,1
blade-trinity,1
the-great-beauty,1
